"Date";"CHLOROA";"year";"CHLOROA_noseason";"Code_point_Libelle";"Outlier"
2007-03-09;NA;"2007";NA;"Barcares";"NON"
2007-03-19;1,0045;"2007";0,555696794735543;"Barcares";"NON"
2007-03-29;1,0862;"2007";0,703627619748702;"Barcares";"NON"
2007-04-08;1,47353333333333;"2007";1,11595790784178;"Barcares";"NON"
2007-04-18;1,47038461538462;"2007";1,2694337972991;"Barcares";"NON"
2007-04-28;1,4075;"2007";1,31802777329509;"Barcares";"NON"
2007-05-08;1,3825;"2007";1,33363883844399;"Barcares";"NON"
2007-05-18;1,3575;"2007";1,18709033320493;"Barcares";"NON"
2007-05-28;1,1945;"2007";0,720744069653412;"Barcares";"NON"
2007-06-07;1,04628571428571;"2007";0,424588641547193;"Barcares";"NON"
2007-06-17;1,07057142857143;"2007";0,618902005491802;"Barcares";"NON"
2007-06-27;0,650642857142857;"2007";0,323759235215175;"Barcares";"NON"
2007-07-07;0,811714285714286;"2007";0,694778549153137;"Barcares";"NON"
2007-07-17;1,43933333333333;"2007";1,53793537319352;"Barcares";"NON"
2007-07-27;0,592666666666667;"2007";0,925916479410424;"Barcares";"NON"
2007-08-06;0,424307692307692;"2007";0,820378922571636;"Barcares";"NON"
2007-08-16;0,585928571428571;"2007";0,996249500297991;"Barcares";"NON"
2007-08-26;0,462357142857143;"2007";0,864307622384472;"Barcares";"NON"
2007-09-05;0,353571428571429;"2007";0,727509002995807;"Barcares";"NON"
2007-09-15;0,440357142857143;"2007";0,805451073338042;"Barcares";"NON"
2007-09-25;0,688571428571429;"2007";1,1161285038282;"Barcares";"NON"
2007-10-05;0,644285714285714;"2007";1,14183602049556;"Barcares";"NON"
2007-10-15;0,6;"2007";1,09236530534229;"Barcares";"NON"
2007-10-25;0,451428571428571;"2007";0,929743352023616;"Barcares";"NON"
2007-11-04;0,405428571428571;"2007";0,695038050452393;"Barcares";"NON"
2007-11-14;0,427809523809524;"2007";0,653694136724464;"Barcares";"NON"
2007-11-24;0,4749375;"2007";0,586291700560653;"Barcares";"NON"
2007-12-04;0,5468125;"2007";0,569492254793951;"Barcares";"NON"
2007-12-14;0,633615384615385;"2007";0,72958507441878;"Barcares";"NON"
2007-12-24;0,7281;"2007";0,723491295354588;"Barcares";"NON"
2008-01-03;0,8266;"2008";0,712882767100779;"Barcares";"NON"
2008-01-13;0,940142857142857;"2008";0,919300040914731;"Barcares";"NON"
2008-01-23;0,9974;"2008";0,860009977372399;"Barcares";"NON"
2008-02-02;0,7894;"2008";0,627720013651545;"Barcares";"NON"
2008-02-12;1,7485;"2008";1,59401859916376;"Barcares";"NON"
2008-02-22;2,20530769230769;"2008";1,83658437628508;"Barcares";"NON"
2008-03-03;0,323;"2008";-0,0464810522605683;"Barcares";"NON"
2008-03-13;0,537285714285714;"2008";0,088482509021257;"Barcares";"NON"
2008-03-23;0,748428571428571;"2008";0,365856191177274;"Barcares";"NON"
2008-04-02;0,95747619047619;"2008";0,599900764984634;"Barcares";"NON"
2008-04-12;0,922;"2008";0,721049181914482;"Barcares";"NON"
2008-04-22;0,661428571428571;"2008";0,571956344723664;"Barcares";"NON"
2008-05-02;0,844285714285714;"2008";0,795424552729703;"Barcares";"NON"
2008-05-12;1,685;"2008";1,51459033320493;"Barcares";"NON"
2008-05-22;2,3502380952381;"2008";1,87648216489151;"Barcares";"NON"
2008-06-01;3,01547619047619;"2008";2,39377911773767;"Barcares";"OUI"
2008-06-11;0,816142857142857;"2008";0,364473434063231;"Barcares";"NON"
2008-06-21;0,626857142857143;"2008";0,29997352092946;"Barcares";"NON"
2008-07-01;0,358142857142857;"2008";0,241207120581708;"Barcares";"NON"
2008-07-11;0,2034;"2008";0,302002039860187;"Barcares";"NON"
2008-07-21;0,2494;"2008";0,582649812743757;"Barcares";"NON"
2008-07-31;0,197923076923077;"2008";0,593994307187021;"Barcares";"NON"
2008-08-10;0,17548275862069;"2008";0,58580368749011;"Barcares";"NON"
2008-08-20;0,179620689655172;"2008";0,581571169182501;"Barcares";"NON"
2008-08-30;0,183758620689655;"2008";0,557696195114033;"Barcares";"NON"
2008-09-09;0,3235;"2008";0,688593930480899;"Barcares";"NON"
2008-09-19;0,414;"2008";0,841557075256767;"Barcares";"NON"
2008-09-29;0,254;"2008";0,751550306209848;"Barcares";"NON"
2008-10-09;0,331142857142857;"2008";0,823508162485143;"Barcares";"NON"
2008-10-19;0,408285714285714;"2008";0,886600494880759;"Barcares";"NON"
2008-10-29;0,493375;"2008";0,782984479023821;"Barcares";"NON"
2008-11-08;1,57525;"2008";1,80113461291494;"Barcares";"NON"
2008-11-18;1,26614285714286;"2008";1,37749705770351;"Barcares";"NON"
2008-11-28;0,355153846153846;"2008";0,377833600947797;"Barcares";"NON"
2008-12-08;0,745923076923077;"2008";0,841892766726473;"Barcares";"NON"
2008-12-18;1,13669230769231;"2008";1,1320836030469;"Barcares";"NON"
2008-12-28;1,16757142857143;"2008";1,05385419567221;"Barcares";"NON"
2009-01-07;0,95852380952381;"2009";0,937680993295684;"Barcares";"NON"
2009-01-17;1,604;"2009";1,4666099773724;"Barcares";"NON"
2009-01-27;1,46895238095238;"2009";1,30727239460393;"Barcares";"NON"
2009-02-06;0,925142857142857;"2009";0,77066145630662;"Barcares";"NON"
2009-02-16;0,97;"2009";0,601276683977384;"Barcares";"NON"
2009-02-26;0,92;"2009";0,550518947739432;"Barcares";"NON"
2009-03-08;0,840857142857143;"2009";0,392053937592686;"Barcares";"NON"
2009-03-18;0,759523809523809;"2009";0,376951429272512;"Barcares";"NON"
2009-03-28;0,747142857142857;"2009";0,389567431651301;"Barcares";"NON"
2009-04-07;0,734761904761905;"2009";0,533811086676387;"Barcares";"NON"
2009-04-17;0,722380952380952;"2009";0,632908725676045;"Barcares";"NON"
2009-04-27;0,71;"2009";0,661138838443989;"Barcares";"NON"
2009-05-07;0,697619047619048;"2009";0,527209380823977;"Barcares";"NON"
2009-05-17;0,685238095238095;"2009";0,211482164891508;"Barcares";"NON"
2009-05-27;0,672857142857143;"2009";0,051160070118622;"Barcares";"NON"
2009-06-06;0,660476190476191;"2009";0,208806767396564;"Barcares";"NON"
2009-06-16;0,6235;"2009";0,296616378072317;"Barcares";"NON"
2009-06-26;0,635166666666667;"2009";0,518230930105518;"Barcares";"NON"
2009-07-06;0,866;"2009";0,964602039860187;"Barcares";"NON"
2009-07-16;0,544571428571428;"2009";0,877821241315185;"Barcares";"NON"
2009-07-26;0,237714285714286;"2009";0,63378551597823;"Barcares";"NON"
2009-08-05;0,00985714285714286;"2009";0,420178071726563;"Barcares";"NON"
2009-08-15;0,0591428571428571;"2009";0,461093336670186;"Barcares";"NON"
2009-08-25;0,167857142857143;"2009";0,541794717281521;"Barcares";"NON"
2009-09-04;0,227285714285714;"2009";0,592379644766614;"Barcares";"NON"
2009-09-14;0,1905;"2009";0,618057075256767;"Barcares";"NON"
2009-09-24;0,153714285714286;"2009";0,651264591924133;"Barcares";"NON"
2009-10-04;0,198142857142857;"2009";0,690508162485143;"Barcares";"NON"
2009-10-14;0,296714285714286;"2009";0,775029066309331;"Barcares";"NON"
2009-10-24;0,445285714285714;"2009";0,734895193309536;"Barcares";"NON"
2009-11-03;0,682714285714286;"2009";0,908598898629226;"Barcares";"NON"
2009-11-13;0,929857142857143;"2009";1,0412113434178;"Barcares";"NON"
2009-11-23;1,524;"2009";1,54667975479395;"Barcares";"NON"
2009-12-03;1,57342857142857;"2009";1,66939826123197;"Barcares";"NON"
2009-12-13;1,62285714285714;"2009";1,61824843821173;"Barcares";"NON"
2009-12-23;1,67228571428571;"2009";1,55856848138649;"Barcares";"NON"
2010-01-02;1,11521428571429;"2010";1,09437146948616;"Barcares";"NON"
2010-01-12;0,142428571428571;"2010";0,00503854880097002;"Barcares";"NON"
2010-01-22;0,6258;"2010";0,464120013651545;"Barcares";"NON"
2010-02-01;0,7178;"2010";0,563318599163763;"Barcares";"NON"
2010-02-11;1,20676923076923;"2010";0,838045914746615;"Barcares";"NON"
2010-02-21;1,76114285714286;"2010";1,39166180488229;"Barcares";"NON"
2010-03-03;2,096;"2010";1,64719679473554;"Barcares";"NON"
2010-03-13;1,496;"2010";1,1134276197487;"Barcares";"NON"
2010-03-23;1,372;"2010";1,01442457450844;"Barcares";"NON"
2010-04-02;1,26171428571429;"2010";1,06076346762877;"Barcares";"NON"
2010-04-12;0,866;"2010";0,776527773295093;"Barcares";"NON"
2010-04-22;0,766857142857143;"2010";0,717995981301132;"Barcares";"NON"
2010-05-02;1,53842857142857;"2010";1,3680189046335;"Barcares";"NON"
2010-05-12;2,14473333333333;"2010";1,67097740298675;"Barcares";"NON"
2010-05-22;1,6134;"2010";0,991702927261479;"Barcares";"NON"
2010-06-01;1,5996;"2010";1,14793057692037;"Barcares";"NON"
2010-06-11;1,8076;"2010";1,48071637807232;"Barcares";"NON"
2010-06-21;1,143;"2010";1,02606426343885;"Barcares";"NON"
2010-07-01;0,427333333333333;"2010";0,525935373193521;"Barcares";"NON"
2010-07-11;0,392333333333333;"2010";0,72558314607709;"Barcares";"NON"
2010-07-21;0,277;"2010";0,673071230263944;"Barcares";"NON"
2010-07-31;0,277;"2010";0,68732092886942;"Barcares";"NON"
2010-08-10;0,424733333333333;"2010";0,826683812860662;"Barcares";"NON"
2010-08-20;0,554;"2010";0,927937574424378;"Barcares";"NON"
2010-08-30;0,554;"2010";0,919093930480899;"Barcares";"NON"
2010-09-09;0,3878;"2010";0,815357075256767;"Barcares";"NON"
2010-09-19;0,357666666666667;"2010";0,855216972876514;"Barcares";"NON"
2010-09-29;0,516806451612903;"2010";1,00917175695519;"Barcares";"NON"
2010-10-09;0,505838709677419;"2010";0,984153490272464;"Barcares";"NON"
2010-10-19;0,494870967741935;"2010";0,784480446765757;"Barcares";"NON"
2010-10-29;0,475545454545455;"2010";0,701430067460394;"Barcares";"NON"
2010-11-08;0,381;"2010";0,492354200560653;"Barcares";"NON"
2010-11-18;0,592538461538462;"2010";0,615218216332412;"Barcares";"NON"
2010-11-28;0,804076923076923;"2010";0,900046612880319;"Barcares";"NON"
2010-12-08;1,01561538461538;"2010";1,01100667996997;"Barcares";"NON"
2010-12-18;1,22715384615385;"2010";1,11343661325463;"Barcares";"NON"
2010-12-28;1,43869230769231;"2010";1,41784949146418;"Barcares";"NON"
2011-01-07;1,65023076923077;"2011";1,51284074660317;"Barcares";"NON"
2011-01-17;1,86176923076923;"2011";1,70008924442078;"Barcares";"NON"
2011-01-27;2,07330769230769;"2011";1,91882629147146;"Barcares";"NON"
2011-02-06;2,28484615384615;"2011";1,91612283782354;"Barcares";"NON"
2011-02-16;0,857;"2011";0,487518947739432;"Barcares";"NON"
2011-02-26;1,117;"2011";0,668196794735543;"Barcares";"NON"
2011-03-08;1,36227777777778;"2011";0,97970539752648;"Barcares";"NON"
2011-03-18;1,59283333333333;"2011";1,23525790784178;"Barcares";"NON"
2011-03-28;1,722375;"2011";1,52142418191448;"Barcares";"NON"
2011-04-07;1,22475;"2011";1,13527777329509;"Barcares";"NON"
2011-04-17;0,85596;"2011";0,807098838443989;"Barcares";"NON"
2011-04-27;0,93916;"2011";0,768750333204929;"Barcares";"NON"
2011-05-07;1,02236;"2011";0,548604069653412;"Barcares";"NON"
2011-05-17;0,722428571428571;"2011";0,10073149869005;"Barcares";"NON"
2011-05-27;0,485;"2011";0,0333305769203738;"Barcares";"NON"
2011-06-06;0,485;"2011";0,158116378072317;"Barcares";"NON"
2011-06-16;0,336428571428571;"2011";0,219492834867422;"Barcares";"NON"
2011-06-26;0,336571428571429;"2011";0,435173468431616;"Barcares";"NON"
2011-07-06;0,416;"2011";0,749249812743757;"Barcares";"NON"
2011-07-16;0,416;"2011";0,812071230263944;"Barcares";"NON"
2011-07-26;0,416;"2011";0,82632092886942;"Barcares";"NON"
2011-08-05;0,139;"2011";0,540950479527329;"Barcares";"NON"
2011-08-15;0,139;"2011";0,512937574424378;"Barcares";"NON"
2011-08-25;0,426307692307692;"2011";0,791401622788592;"Barcares";"NON"
2011-09-04;0,464857142857143;"2011";0,89241421811391;"Barcares";"NON"
2011-09-14;0,356;"2011";0,853550306209848;"Barcares";"NON"
2011-09-24;0,406;"2011";0,898365305342286;"Barcares";"NON"
2011-10-04;0,468571428571429;"2011";0,946886209166474;"Barcares";"NON"
2011-10-14;0,534285714285714;"2011";0,823895193309536;"Barcares";"NON"
2011-10-24;0,554;"2011";0,77988461291494;"Barcares";"NON"
2011-11-03;0,956909090909091;"2011";1,06826329146974;"Barcares";"NON"
2011-11-13;1,46054545454545;"2011";1,48322520933941;"Barcares";"NON"
2011-11-23;1,96418181818182;"2011";2,06015150798521;"Barcares";"OUI"
2011-12-03;1,84666666666667;"2011";1,84205796202126;"Barcares";"NON"
2011-12-13;1,108;"2011";0,994282767100779;"Barcares";"NON"
2011-12-23;0,521846153846154;"2011";0,501003337618028;"Barcares";"NON"
2012-01-02;0,575055555555556;"2012";0,437665532927954;"Barcares";"NON"
2012-01-12;0,902277777777778;"2012";0,740597791429323;"Barcares";"NON"
2012-01-22;1,2295;"2012";1,07501859916376;"Barcares";"NON"
2012-02-01;1,49432142857143;"2012";1,12559811254881;"Barcares";"NON"
2012-02-11;1,19753571428571;"2012";0,828054662025146;"Barcares";"NON"
2012-02-21;0,90075;"2012";0,451946794735543;"Barcares";"NON"
2012-03-02;0,781928571428571;"2012";0,399356191177274;"Barcares";"NON"
2012-03-12;1,07835714285714;"2012";0,720781717365586;"Barcares";"NON"
2012-03-22;0,820692307692308;"2012";0,61974148960679;"Barcares";"NON"
2012-04-01;0,767142857142857;"2012";0,67767063043795;"Barcares";"NON"
2012-04-11;0,890714285714286;"2012";0,841853124158275;"Barcares";"NON"
2012-04-21;1,01428571428571;"2012";0,843876047490644;"Barcares";"NON"
2012-05-01;2,859;"2012";2,38524406965341;"Barcares";"OUI"
2012-05-11;3,67;"2012";3,04830292726148;"Barcares";"OUI"
2012-05-21;2,285;"2012";1,83333057692037;"Barcares";"NON"
2012-05-31;1,177;"2012";0,850116378072318;"Barcares";"NON"
2012-06-10;0,963923076923077;"2012";0,846987340361928;"Barcares";"NON"
2012-06-20;0,596619047619048;"2012";0,695221087479235;"Barcares";"NON"
2012-06-30;0,464714285714286;"2012";0,797964098458043;"Barcares";"NON"
2012-07-10;0,330666666666667;"2012";0,726737896930611;"Barcares";"NON"
2012-07-20;0,208;"2012";0,61832092886942;"Barcares";"NON"
2012-07-30;0,208;"2012";0,609950479527329;"Barcares";"NON"
2012-08-09;0,999428571428571;"2012";1,37336614585295;"Barcares";"NON"
2012-08-19;0,841142857142857;"2012";1,20623678762376;"Barcares";"NON"
2012-08-29;0,227714285714286;"2012";0,655271360971053;"Barcares";"NON"
2012-09-08;0,326285714285714;"2012";0,823836020495562;"Barcares";"NON"
2012-09-18;0,383333333333333;"2012";0,875698638675619;"Barcares";"NON"
2012-09-28;0,447846153846154;"2012";0,926160934441199;"Barcares";"NON"
2012-10-08;0,554;"2012";0,843609479023821;"Barcares";"NON"
2012-10-18;1,14757142857143;"2012";1,37345604148637;"Barcares";"NON"
2012-10-28;1,25847826086957;"2012";1,36983246143022;"Barcares";"NON"
2012-11-07;1,04760869565217;"2012";1,07028845044612;"Barcares";"NON"
2012-11-17;0,906363636363636;"2012";1,00233332616703;"Barcares";"NON"
2012-11-27;0,927575757575758;"2012";0,922967052930346;"Barcares";"NON"
2012-12-07;0,948787878787879;"2012";0,835070645888658;"Barcares";"NON"
2012-12-17;0,97;"2012";0,949157183771874;"Barcares";"NON"
2012-12-27;1,15863636363636;"2012";1,02124634100876;"Barcares";"NON"
2013-01-06;1,34727272727273;"2013";1,18559274092427;"Barcares";"NON"
2013-01-16;1,029;"2013";0,874518599163763;"Barcares";"NON"
2013-01-26;1,03896551724138;"2013";0,670242201218763;"Barcares";"NON"
2013-02-05;1,73137931034483;"2013";1,36189825808426;"Barcares";"NON"
2013-02-15;2,42379310344828;"2013";1,97498989818382;"Barcares";"NON"
2013-02-25;2,50074074074074;"2013";2,11816836048944;"Barcares";"OUI"
2013-03-07;1,96222222222222;"2013";1,60464679673067;"Barcares";"NON"
2013-03-17;1,4237037037037;"2013";1,22275288561819;"Barcares";"NON"
2013-03-27;1,02053333333333;"2013";0,931061106628426;"Barcares";"NON"
2013-04-06;0,77925;"2013";0,730388838443989;"Barcares";"NON"
2013-04-16;0,806588235294118;"2013";0,636178568499047;"Barcares";"NON"
2013-04-26;0,562470588235294;"2013";0,0887146578887064;"Barcares";"NON"
2013-05-06;1,02036363636364;"2013";0,398666563625115;"Barcares";"NON"
2013-05-16;1,801;"2013";1,34933057692037;"Barcares";"NON"
2013-05-26;0,877666666666667;"2013";0,550783044738984;"Barcares";"NON"
2013-06-05;1,405;"2013";1,28806426343885;"Barcares";"NON"
2013-06-15;1,7312;"2013";1,82980203986019;"Barcares";"NON"
2013-06-25;1,2117;"2013";1,54494981274376;"Barcares";"NON"
2013-07-05;0,979428571428571;"2013";1,37549980169252;"Barcares";"NON"
2013-07-15;1,0735;"2013";1,48382092886942;"Barcares";"NON"
2013-07-25;0,944714285714286;"2013";1,34666476524161;"Barcares";"NON"
2013-08-04;0,400428571428571;"2013";0,774366145852949;"Barcares";"NON"
2013-08-14;0,2295625;"2013";0,594656430480899;"Barcares";"NON"
2013-08-24;0,234769230769231;"2013";0,662326306025998;"Barcares";"NON"
2013-09-03;0,554;"2013";1,05155030620985;"Barcares";"NON"
2013-09-13;0,554;"2013";1,04636530534229;"Barcares";"NON"
2013-09-23;0,554;"2013";1,03231478059505;"Barcares";"NON"
2013-10-03;2,073;"2013";2,36260947902382;"Barcares";"OUI"
2013-10-13;1,133;"2013";1,35888461291494;"Barcares";"NON"
2013-10-23;1,17271428571429;"2013";1,28406848627494;"Barcares";"NON"
2013-11-02;1,13152380952381;"2013";1,15420356431776;"Barcares";"NON"
2013-11-12;0,900571428571429;"2013";0,996541118374824;"Barcares";"NON"
2013-11-22;0,669619047619048;"2013";0,665010342973636;"Barcares";"NON"
2013-12-02;0,438666666666667;"2013";0,324949433767446;"Barcares";"NON"
2013-12-12;0,455071428571429;"2013";0,434228612343303;"Barcares";"NON"
2013-12-22;1,04864285714286;"2013";0,911252834515256;"Barcares";"NON"
2014-01-01;0,796214285714286;"2014";0,634534299365831;"Barcares";"NON"
2014-01-11;0,796125;"2014";0,641643599163763;"Barcares";"NON"
2014-01-21;1,142375;"2014";0,773651683977384;"Barcares";"NON"
2014-01-31;1,31895454545455;"2014";0,949473493193977;"Barcares";"NON"
2014-02-10;1,47668181818182;"2014";1,02787861291736;"Barcares";"NON"
2014-02-20;1,22657142857143;"2014";0,843999048320131;"Barcares";"NON"
2014-03-02;1,39180952380952;"2014";1,03423409831797;"Barcares";"NON"
2014-03-12;1,36571428571429;"2014";1,16476346762877;"Barcares";"NON"
2014-03-22;1,15119047619048;"2014";1,06171824948557;"Barcares";"NON"
2014-04-01;1,51357142857143;"2014";1,46471026701542;"Barcares";"NON"
2014-04-11;1,4195;"2014";1,24909033320493;"Barcares";"NON"
2014-04-21;0,9418;"2014";0,468044069653412;"Barcares";"NON"
2014-05-01;0,6648;"2014";0,0431029272614791;"Barcares";"NON"
2014-05-11;0,969714285714286;"2014";0,518044862634659;"Barcares";"NON"
2014-05-21;0,931620689655172;"2014";0,60473706772749;"Barcares";"NON"
2014-05-31;0,812310344827586;"2014";0,695374608266437;"Barcares";"NON"
2014-06-10;0,693;"2014";0,791602039860187;"Barcares";"NON"
2014-06-20;0,515307692307692;"2014";0,848557505051449;"Barcares";"NON"
2014-06-30;0,403136363636364;"2014";0,799207593900308;"Barcares";"NON"
2014-07-10;0,319045454545455;"2014";0,729366383414874;"Barcares";"NON"
2014-07-20;0,45025;"2014";0,852200479527329;"Barcares";"NON"
2014-07-30;0,79675;"2014";1,17068757442438;"Barcares";"NON"
2014-08-09;0,623571428571429;"2014";0,988665359052328;"Barcares";"NON"
2014-08-19;0,013;"2014";0,440557075256767;"Barcares";"NON"
2014-08-29;0,143;"2014";0,640550306209848;"Barcares";"NON"
2014-09-08;0,23675;"2014";0,729115305342286;"Barcares";"NON"
2014-09-18;0,6330625;"2014";1,11137728059505;"Barcares";"NON"
2014-09-28;1,8199375;"2014";2,10954697902382;"Barcares";"OUI"
2014-10-08;1,59325;"2014";1,81913461291494;"Barcares";"NON"
2014-10-18;1,761375;"2014";1,87272920056065;"Barcares";"NON"
2014-10-28;2,930125;"2014";2,95280475479395;"Barcares";"OUI"
2014-11-07;1,02125;"2014";1,1172196898034;"Barcares";"NON"
2014-11-17;1,662;"2014";1,65739129535459;"Barcares";"NON"
2014-11-27;2,82464285714286;"2014";2,71092562424364;"Barcares";"OUI"
2014-12-07;2,31345238095238;"2014";2,29260956472426;"Barcares";"OUI"
2014-12-17;1,8022619047619;"2014";1,6648718821343;"Barcares";"NON"
2014-12-27;1,29107142857143;"2014";1,12939144222297;"Barcares";"NON"
2015-01-06;0,962071428571429;"2015";0,807590027735191;"Barcares";"NON"
2015-01-16;2,27278571428571;"2015";1,9040623982631;"Barcares";"NON"
2015-01-26;3,5835;"2015";3,21401894773943;"Barcares";"OUI"
2015-02-05;4,13007142857143;"2015";3,68126822330697;"Barcares";"OUI"
2015-02-15;2,89364285714286;"2015";2,51107047689156;"Barcares";"OUI"
2015-02-25;1,65721428571429;"2015";1,29963886022273;"Barcares";"NON"
2015-03-07;1,11328571428571;"2015";0,912334896200196;"Barcares";"NON"
2015-03-17;1,22495454545455;"2015";1,13548231874964;"Barcares";"NON"
2015-03-27;1,0045;"2015";0,955638838443989;"Barcares";"NON"
2015-04-06;0,784045454545454;"2015";0,613635787750384;"Barcares";"NON"
2015-04-16;1,103625;"2015";0,629869069653412;"Barcares";"NON"
2015-04-26;2,012375;"2015";1,39067792726148;"Barcares";"NON"
2015-05-06;1,63866666666667;"2015";1,18699724358704;"Barcares";"NON"
2015-05-16;1,04509523809524;"2015";0,718211616167556;"Barcares";"NON"
2015-05-26;0,781285714285714;"2015";0,664349977724565;"Barcares";"NON"
2015-06-05;0,544142857142857;"2015";0,642744897003044;"Barcares";"NON"
2015-06-15;0,3465;"2015";0,679749812743757;"Barcares";"NON"
2015-06-25;0,2218;"2015";0,617871230263944;"Barcares";"NON"
2015-07-05;0,2678;"2015";0,67812092886942;"Barcares";"NON"
2015-07-15;0,317;"2015";0,718950479527329;"Barcares";"NON"
2015-07-25;0,367;"2015";0,740937574424378;"Barcares";"NON"
2015-08-04;0,417;"2015";0,782093930480899;"Barcares";"NON"
2015-08-14;0,467;"2015";0,894557075256767;"Barcares";"NON"
2015-08-24;0,517;"2015";1,01455030620985;"Barcares";"NON"
2015-09-03;0,567;"2015";1,05936530534229;"Barcares";"NON"
2015-09-13;0,617;"2015";1,09531478059505;"Barcares";"NON"
2015-09-23;0,667;"2015";0,956609479023821;"Barcares";"NON"
2015-10-03;0,717;"2015";0,94288461291494;"Barcares";"NON"
2015-10-13;0,7595;"2015";0,870854200560653;"Barcares";"NON"
2015-10-23;0,7345;"2015";0,757179754793951;"Barcares";"NON"
2015-11-02;0,7095;"2015";0,805469689803396;"Barcares";"NON"
2015-11-12;0,673181818181818;"2015";0,668573113536406;"Barcares";"NON"
2015-11-22;0,610454545454545;"2015";0,496737312555325;"Barcares";"NON"
2015-12-02;0,507833333333333;"2015";0,486990517105207;"Barcares";"NON"
2015-12-12;0,240387096774194;"2015";0,102997074146592;"Barcares";"NON"
2015-12-22;0,167161290322581;"2015";0,0054813039741258;"Barcares";"NON"
2016-01-01;0,0939354838709678;"2016";-0,0605459169652695;"Barcares";"NON"
2016-01-11;0,359090909090909;"2016";-0,00963240693170697;"Barcares";"NON"
2016-01-21;0,938204081632653;"2016";0,568723029372085;"Barcares";"NON"
2016-01-31;1,06555102040816;"2016";0,616747815143706;"Barcares";"NON"
2016-02-10;1,19289795918367;"2016";0,810325578932376;"Barcares";"NON"
2016-02-20;1,32024489795918;"2016";0,962669472467627;"Barcares";"NON"
2016-03-01;1,44759183673469;"2016";1,24664101864918;"Barcares";"NON"
2016-03-11;1,41054545454545;"2016";1,32107322784055;"Barcares";"NON"
2016-03-21;1,12690909090909;"2016";1,07804792935308;"Barcares";"NON"
2016-03-31;0,88275;"2016";0,71234033320493;"Barcares";"NON"
2016-04-10;0,7965;"2016";0,322744069653412;"Barcares";"NON"
2016-04-20;1,296;"2016";0,674302927261479;"Barcares";"NON"
2016-04-30;1,90684615384615;"2016";1,45517673076653;"Barcares";"NON"
2016-05-10;1,40107692307692;"2016";1,07419330114924;"Barcares";"NON"
2016-05-20;0,895307692307692;"2016";0,778371955746543;"Barcares";"NON"
2016-05-30;0,437307692307692;"2016";0,53590973216788;"Barcares";"NON"
2016-06-09;0,1666;"2016";0,499849812743757;"Barcares";"NON"
2016-06-19;0,2586;"2016";0,654671230263944;"Barcares";"NON"
2016-06-29;0,319461538461538;"2016";0,729782467330958;"Barcares";"NON"
2016-07-09;0,296714285714286;"2016";0,698664765241615;"Barcares";"NON"
2016-07-19;0,2126;"2016";0,586537574424378;"Barcares";"NON"
2016-07-29;0,2586;"2016";0,623693930480899;"Barcares";"NON"
2016-08-08;0,395714285714286;"2016";0,823271360971053;"Barcares";"NON"
2016-08-18;0,490153846153846;"2016";0,987704152363694;"Barcares";"NON"
2016-08-28;0,170923076923077;"2016";0,663288382265363;"Barcares";"NON"
2016-09-07;0,183357142857143;"2016";0,661671923452188;"Barcares";"NON"
2016-09-17;0,232642857142857;"2016";0,522252336166679;"Barcares";"NON"
2016-09-27;0,28045;"2016";0,50633461291494;"Barcares";"NON"
2016-10-07;0,31495;"2016";0,426304200560653;"Barcares";"NON"
2016-10-17;0,346;"2016";0,368679754793951;"Barcares";"NON"
2016-10-27;0,346;"2016";0,441969689803396;"Barcares";"NON"
2016-11-06;0,346;"2016";0,341391295354588;"Barcares";"NON"
2016-11-16;0,346;"2016";0,232282767100779;"Barcares";"NON"
2016-11-26;0,404333333333333;"2016";0,383490517105207;"Barcares";"NON"
2016-12-06;0,446666666666667;"2016";0,309276644039065;"Barcares";"NON"
2016-12-16;0,485;"2016";0,323320013651545;"Barcares";"NON"
2016-12-26;0,523333333333333;"2016";0,368851932497096;"Barcares";"NON"
2017-01-05;0,548;"2017";0,179276683977384;"Barcares";"NON"
2017-01-15;0,518;"2017";0,148518947739432;"Barcares";"NON"
2017-01-25;0,488;"2017";0,0391967947355428;"Barcares";"NON"
2017-02-04;0,465464285714286;"2017";0,0828919054629881;"Barcares";"NON"
2017-02-14;0,564392857142857;"2017";0,206817431651301;"Barcares";"NON"
2017-02-24;0,663321428571429;"2017";0,462370610485911;"Barcares";"NON"
2017-03-06;0,602;"2017";0,512527773295093;"Barcares";"NON"
2017-03-16;0,579;"2017";0,530138838443989;"Barcares";"NON"
2017-03-26;1,519;"2017";1,34859033320493;"Barcares";"NON"
2017-04-05;1,39675;"2017";0,922994069653412;"Barcares";"NON"
2017-04-15;0,835857142857143;"2017";0,214160070118622;"Barcares";"NON"
2017-04-25;0,359866666666667;"2017";-0,0918027564129595;"Barcares";"NON"
2017-05-05;0,498533333333333;"2017";0,171649711405651;"Barcares";"NON"
2017-05-15;0,426153846153846;"2017";0,309218109592697;"Barcares";"NON"
2017-05-25;0,247285714285714;"2017";0,345887754145902;"Barcares";"NON"
2017-06-04;0,148238095238095;"2017";0,481487907981852;"Barcares";"NON"
2017-06-14;0,108571428571429;"2017";0,504642658835373;"Barcares";"NON"
2017-06-24;0,306428571428571;"2017";0,716749500297991;"Barcares";"NON"
2017-07-04;0,654444444444444;"2017";1,05639492397177;"Barcares";"NON"
2017-07-14;0,381;"2017";0,754937574424378;"Barcares";"NON"
2017-07-24;0,381;"2017";0,746093930480899;"Barcares";"NON"
2017-08-03;0,4589375;"2017";0,886494575256767;"Barcares";"NON"
2017-08-13;0,3720625;"2017";0,869612806209848;"Barcares";"NON"
2017-08-23;0,184416666666667;"2017";0,676781972008952;"Barcares";"NON"
2017-09-02;0,090875;"2017";0,569189780595045;"Barcares";"NON"
2017-09-12;0,134625;"2017";0,424234479023821;"Barcares";"NON"
2017-09-22;0,2425;"2017";0,46838461291494;"Barcares";"NON"
2017-10-02;0,1385;"2017";0,249854200560653;"Barcares";"NON"
2017-10-12;0;"2017";0,0226797547939507;"Barcares";"NON"
2017-10-22;0;"2017";0,0959696898033956;"Barcares";"NON"
2017-11-01;0,0411851851851852;"2017";0,0365764805397733;"Barcares";"NON"
2017-11-11;0,0926666666666667;"2017";-0,0210505662325541;"Barcares";"NON"
2017-11-21;0,2544;"2017";0,233557183771874;"Barcares";"NON"
2017-12-01;1,4084;"2017";1,2710099773724;"Barcares";"NON"
2017-12-11;1,62809756097561;"2017";1,46641757462716;"Barcares";"NON"
2017-12-21;1,22492682926829;"2017";1,07044542843206;"Barcares";"NON"
2017-12-31;0,821756097560976;"2017";0,45303278153836;"Barcares";"NON"
2018-01-10;0,418585365853659;"2018";0,0491043135930904;"Barcares";"NON"
2018-01-20;0,261642857142857;"2018";-0,1871603481216;"Barcares";"NON"
2018-01-30;0,336666666666667;"2018";-0,0459057135846309;"Barcares";"NON"
2018-02-09;0,283333333333333;"2018";-0,0742420921582232;"Barcares";"NON"
2018-02-19;0,359928571428571;"2018";0,158977753343054;"Barcares";"NON"
2018-03-01;0,523142857142857;"2018";0,43367063043795;"Barcares";"NON"
2018-03-11;0,686357142857143;"2018";0,637495981301132;"Barcares";"NON"
2018-03-21;0,793;"2018";0,622590333204929;"Barcares";"NON"
2018-03-31;0,910454545454546;"2018";0,436698615107958;"Barcares";"NON"
2018-04-10;1,07938095238095;"2018";0,457683879642432;"Barcares";"NON"
2018-04-20;0,813190476190476;"2018";0,36152105311085;"Barcares";"NON"
2018-04-30;0,547;"2018";0,220116378072318;"Barcares";"NON"
2018-05-10;0,276;"2018";0,159064263438851;"Barcares";"NON"
2018-05-20;0,246;"2018";0,344602039860187;"Barcares";"NON"
2018-05-30;0,428571428571428;"2018";0,761821241315185;"Barcares";"NON"
2018-06-09;0,487866666666667;"2018";0,883937896930611;"Barcares";"NON"
2018-06-19;0,282533333333333;"2018";0,692854262202753;"Barcares";"NON"
2018-06-29;0,202;"2018";0,603950479527329;"Barcares";"NON"
2018-07-09;0,132125;"2018";0,506062574424378;"Barcares";"NON"
2018-07-19;0,06425;"2018";0,429343930480899;"Barcares";"NON"
2018-07-29;0,02675;"2018";0,454307075256767;"Barcares";"NON"
2018-08-08;0,0962857142857143;"2018";0,593836020495562;"Barcares";"NON"
2018-08-18;0,116642857142857;"2018";0,609008162485143;"Barcares";"NON"
2018-08-28;0,0750714285714286;"2018";0,553386209166474;"Barcares";"NON"
2018-09-07;0,0257857142857143;"2018";0,315395193309536;"Barcares";"NON"
2018-09-17;0,0376;"2018";0,26348461291494;"Barcares";"NON"
2018-09-27;0,0773636363636364;"2018";0,18871783692429;"Barcares";"NON"
2018-10-07;0,124181818181818;"2018";0,146861572975769;"Barcares";"NON"
2018-10-17;0,171;"2018";0,266969689803396;"Barcares";"NON"
2018-10-27;0,241776699029126;"2018";0,237167994383714;"Barcares";"NON"
2018-11-06;0,312553398058252;"2018";0,198836165159032;"Barcares";"NON"
2018-11-16;0,383330097087379;"2018";0,362487280859253;"Barcares";"NON"
2018-11-26;0,454106796116505;"2018";0,316716773488903;"Barcares";"NON"
2018-12-06;0,524883495145631;"2018";0,363203508797176;"Barcares";"NON"
2018-12-16;0,595660194174757;"2018";0,44117879333852;"Barcares";"NON"
2018-12-26;0,666436893203884;"2018";0,297713577181268;"Barcares";"NON"
2019-01-05;0,73721359223301;"2019";0,367732539972441;"Barcares";"NON"
2019-01-15;0,807990291262136;"2019";0,359187085997679;"Barcares";"NON"
2019-01-25;0,878766990291262;"2019";0,496194610039965;"Barcares";"NON"
2019-02-04;0,922272727272727;"2019";0,564697301781171;"Barcares";"NON"
2019-02-14;0,954090909090909;"2019";0,753140091005391;"Barcares";"NON"
2019-02-24;0,854166666666667;"2019";0,764694439961759;"Barcares";"NON"
2019-03-06;0,6648;"2019";0,615938838443989;"Barcares";"NON"
2019-03-16;0,664933333333333;"2019";0,494523666538263;"Barcares";"NON"
2019-03-26;0,942266666666667;"2019";0,468510736320079;"Barcares";"NON"
2019-04-05;0,9175;"2019";0,295802927261479;"Barcares";"NON"
2019-04-15;0,988136363636364;"2019";0,536466940556737;"Barcares";"NON"
2019-04-25;1,11404545454545;"2019";0,787161832617772;"Barcares";"NON"
2019-05-05;0,880571428571429;"2019";0,76363569201028;"Barcares";"NON"
2019-05-15;0,6235;"2019";0,722102039860187;"Barcares";"NON"
2019-05-25;0,422090909090909;"2019";0,755340721834666;"Barcares";"NON"
2019-06-04;0,1835;"2019";0,579571230263944;"Barcares";"NON"
2019-06-14;0,6285;"2019";1,03882092886942;"Barcares";"NON"
2019-06-24;0,632733333333333;"2019";1,03468381286066;"Barcares";"NON"
2019-07-04;0,469533333333333;"2019";0,843470907757711;"Barcares";"NON"
2019-07-14;0,3922;"2019";0,757293930480899;"Barcares";"NON"
2019-07-24;0,275083333333333;"2019";0,7026404085901;"Barcares";"NON"
2019-08-03;0,240857142857143;"2019";0,73840744906699;"Barcares";"NON"
2019-08-13;0,306571428571429;"2019";0,798936733913714;"Barcares";"NON"
2019-08-23;0,148285714285714;"2019";0,626600494880759;"Barcares";"NON"
2019-09-02;0,0345;"2019";0,324109479023821;"Barcares";"NON"
2019-09-12;0,0987857142857143;"2019";0,324670327200654;"Barcares";"NON"
2019-09-22;0,198071428571429;"2019";0,309425629132082;"Barcares";"NON"
2019-10-02;0,370391304347826;"2019";0,393071059141777;"Barcares";"NON"
2019-10-12;0,550826086956522;"2019";0,646795776759917;"Barcares";"NON"
2019-10-22;0,782;"2019";0,777391295354588;"Barcares";"NON"
2019-11-01;1,672;"2019";1,55828276710078;"Barcares";"NON"
2019-11-11;1,108;"2019";1,08715718377187;"Barcares";"NON"
2019-11-21;0,374;"2019";0,236609977372399;"Barcares";"NON"
2019-12-01;0,697333333333333;"2019";0,535653346984879;"Barcares";"NON"
2019-12-11;1,11074074074074;"2019";0,956259339904504;"Barcares";"NON"
2019-12-21;1,54666666666667;"2019";1,17794335064405;"Barcares";"NON"
2019-12-31;1,84007142857143;"2019";1,47059037631086;"Barcares";"NON"
2020-01-10;0,850785714285714;"2020";0,401982509021257;"Barcares";"NON"
2020-01-20;1,558;"2020";1,1754276197487;"Barcares";"NON"
2020-01-30;2,1335625;"2020";1,77598707450844;"Barcares";"NON"
2020-02-09;0,7054375;"2020";0,504486681914482;"Barcares";"NON"
2020-02-19;0,600166666666667;"2020";0,51069443996176;"Barcares";"NON"
2020-02-29;0,831;"2020";0,782138838443989;"Barcares";"NON"
2020-03-10;0,831;"2020";0,660590333204929;"Barcares";"NON"
2020-03-20;2,59725;"2020";2,12349406965341;"Barcares";"OUI"
2020-03-30;3,0125;"2020";2,39080292726148;"Barcares";"OUI"
2020-04-09;2,67592857142857;"2020";2,22425914834895;"Barcares";"OUI"
2020-04-19;2,13235714285714;"2020";1,80547352092946;"Barcares";"NON"
2020-04-29;0,920214285714286;"2020";0,803278549153137;"Barcares";"NON"
2020-05-09;0,400571428571429;"2020";0,499173468431616;"Barcares";"NON"
2020-05-19;0,627964285714286;"2020";0,961214098458043;"Barcares";"NON"
2020-05-29;0,677607142857143;"2020";1,07367837312109;"Barcares";"NON"
2020-06-08;0,72725;"2020";1,13757092886942;"Barcares";"NON"
2020-06-18;0,6788;"2020";1,08075047952733;"Barcares";"NON"
2020-06-28;0,401466666666667;"2020";0,775404241091045;"Barcares";"NON"
2020-07-08;0,2908;"2020";0,655893930480899;"Barcares";"NON"
2020-07-18;0,2218;"2020";0,649357075256767;"Barcares";"NON"
2020-07-28;0,281928571428571;"2020";0,779478877638419;"Barcares";"NON"
2020-08-07;0,331214285714286;"2020";0,823579591056571;"Barcares";"NON"
2020-08-17;0,378666666666667;"2020";0,856981447261712;"Barcares";"NON"
2020-08-27;0,406;"2020";0,695609479023821;"Barcares";"NON"
2020-09-06;0,356;"2020";0,58188461291494;"Barcares";"NON"
2020-09-16;0,389076923076923;"2020";0,500431123637576;"Barcares";"NON"
2020-09-26;0,341714285714286;"2020";0,364394040508236;"Barcares";"NON"
2020-10-06;0,232714285714286;"2020";0,328683975517681;"Barcares";"NON"
2020-10-16;0,479857142857143;"2020";0,475248438211731;"Barcares";"NON"
2020-10-26;0,5885;"2020";0,474782767100779;"Barcares";"NON"
2020-11-05;0,9554;"2020";0,934557183771874;"Barcares";"NON"
2020-11-15;2,0634;"2020";1,9260099773724;"Barcares";"NON"
2020-11-25;1,64623076923077;"2020";1,48455078288231;"Barcares";"NON"
2020-12-05;1,07378571428571;"2020";0,919304313449477;"Barcares";"NON"
2020-12-15;0,775190476190476;"2020";0,40646716016786;"Barcares";"NON"
2020-12-25;0,907095238095238;"2020";0,53761418583467;"Barcares";"NON"
2021-01-04;1,039;"2021";0,590196794735543;"Barcares";"NON"
2021-01-14;0,741857142857143;"2021";0,359284762605845;"Barcares";"NON"
2021-01-24;0,623;"2021";0,265424574508443;"Barcares";"NON"
2021-02-03;0,642785714285714;"2021";0,441834896200196;"Barcares";"NON"
2021-02-13;0,840642857142857;"2021";0,75117063043795;"Barcares";"NON"
2021-02-23;0,732;"2021";0,683138838443989;"Barcares";"NON"
2021-03-05;0,492;"2021";0,321590333204929;"Barcares";"NON"
2021-03-15;0,326666666666667;"2021";-0,147089263679921;"Barcares";"NON"
2021-03-25;0,193333333333333;"2021";-0,428363739405188;"Barcares";"NON"
2021-04-04;0,268571428571429;"2021";-0,183097994508198;"Barcares";"NON"
2021-04-14;0,482857142857143;"2021";0,15597352092946;"Barcares";"NON"
2021-04-24;0,911428571428571;"2021";0,794492834867423;"Barcares";"NON"
2021-05-04;0,88;"2021";0,978602039860187;"Barcares";"NON"
2021-05-14;0,962666666666667;"2021";1,29591647941042;"Barcares";"NON"
2021-05-24;1,46933333333333;"2021";1,86540456359728;"Barcares";"NON"
2021-06-03;0,896923076923077;"2021";1,3072440057925;"Barcares";"NON"
2021-06-13;1,00571428571429;"2021";1,40766476524161;"Barcares";"NON"
2021-06-23;1,35285714285714;"2021";1,72679471728152;"Barcares";"NON"
2021-07-03;0,517142857142857;"2021";0,882236787623757;"Barcares";"NON"
2021-07-13;0,344285714285714;"2021";0,771842789542481;"Barcares";"NON"
2021-07-23;0,4;"2021";0,897550306209848;"Barcares";"NON"
2021-08-02;0,55;"2021";1,04236530534229;"Barcares";"NON"
2021-08-12;0,489285714285714;"2021";0,967600494880759;"Barcares";"NON"
2021-08-22;0,428571428571429;"2021";0,71818090759525;"Barcares";"NON"
2021-09-01;0,414285714285714;"2021";0,640170327200654;"Barcares";"NON"
2021-09-11;0,585714285714286;"2021";0,697068486274939;"Barcares";"NON"
2021-09-21;0,505714285714286;"2021";0,528394040508236;"Barcares";"NON"
2021-10-01;0,393333333333333;"2021";0,489303023136729;"Barcares";"NON"
2021-10-11;0,326666666666667;"2021";0,322057962021255;"Barcares";"NON"
2021-10-21;0,322857142857143;"2021";0,209139909957922;"Barcares";"NON"
2021-10-31;0,444137931034483;"2021";0,423295114806357;"Barcares";"NON"
2021-11-10;0,551034482758621;"2021";0,413644460131019;"Barcares";"NON"
2021-11-20;0,657931034482759;"2021";0,496251048134304;"Barcares";"NON"
2021-11-30;0,69;"2021";0,535518599163763;"Barcares";"NON"
2021-12-10;0,69;"2021";0,321276683977384;"Barcares";"NON"
2021-12-20;1;"2021";0,630518947739432;"Barcares";"NON"
2021-12-30;1,6;"2021";1,15119679473554;"Barcares";"NON"
2022-01-09;1,528;"2022";1,1454276197487;"Barcares";"NON"
2022-01-19;1,05571428571429;"2022";0,698138860222729;"Barcares";"NON"
2022-01-29;1,01285714285714;"2022";0,811906324771625;"Barcares";"NON"
2022-02-08;0,97;"2022";0,880527773295093;"Barcares";"NON"
2022-02-18;0,83;"2022";0,781138838443989;"Barcares";"NON"
2022-02-28;0,69;"2022";0,519590333204929;"Barcares";"NON"
2022-03-10;1,10071428571429;"2022";0,626958355367698;"Barcares";"NON"
2022-03-20;1,51142857142857;"2022";0,889731498690051;"Barcares";"NON"
2022-03-30;2,232;"2022";1,78033057692037;"Barcares";"NON"
2022-04-09;4,192;"2022";3,86511637807232;"Barcares";"OUI"
2022-04-19;3,68;"2022";3,56306426343885;"Barcares";"OUI"
2022-04-29;2,10857142857143;"2022";2,20717346843162;"Barcares";"OUI"
2022-05-09;0,537142857142857;"2022";0,870392669886614;"Barcares";"NON"
2022-05-19;0,3575;"2022";0,753571230263944;"Barcares";"NON"
2022-05-29;0,3325;"2022";0,74282092886942;"Barcares";"NON"
2022-06-08;0,331538461538462;"2022";0,73348894106579;"Barcares";"NON"
2022-06-18;0,546923076923077;"2022";0,920860651347455;"Barcares";"NON"
2022-06-28;1,63571428571429;"2022";2,00080821619519;"Barcares";"NON"
2022-07-08;1,82857142857143;"2022";2,2561285038282;"Barcares";"OUI"
2022-07-18;0,35;"2022";0,847550306209848;"Barcares";"NON"
2022-07-28;0,2;"2022";0,692365305342286;"Barcares";"NON"
2022-08-07;0,176428571428571;"2022";0,654743352023617;"Barcares";"NON"
2022-08-17;0,237142857142857;"2022";0,526752336166679;"Barcares";"NON"
2022-08-27;0,297857142857143;"2022";0,523741755772083;"Barcares";"NON"
